pff, 2, 692419, 512
pdf, 2, 608865, 512
pff, 2, 608106, 512
pdf, 2, 493844, 512
pff, 2, 691369, 512
pdf, 2, 607467, 512
pff, 2, 695315, 512
pdf, 2, 607726, 512
pff, 2, 621217, 512
pdf, 2, 497203, 512
pff, 2, 696977, 512
pdf, 2, 607597, 512
pff, 2, 605976, 512
pdf, 2, 494210, 512
pff, 2, 605124, 512
pdf, 2, 494860, 512
pff, 2, 607555, 512
pdf, 2, 494478, 512
pff, 2, 694653, 512
pdf, 2, 607523, 512
pff, 5, 166576, 512
pdf, 5, 71765, 512
pff, 2, 606890, 512
pdf, 2, 494572, 512
pff, 2, 606989, 512
pdf, 2, 494475, 512
pff, 2, 617818, 512
pdf, 2, 494654, 512
pff, 2, 621866, 512
pdf, 2, 492859, 512
pff, 2, 608102, 512
pdf, 2, 494179, 512
pff, 2, 692742, 512
pdf, 2, 607598, 512
pff, 2, 697341, 512
pdf, 2, 607861, 512
pff, 2, 609480, 512
pdf, 2, 498747, 512
pff, 2, 607776, 512
pdf, 2, 499728, 512
